file,error
/Volumes/IA_LAB_DAT/Nichos/00_ANALISIS_MANUAL/RESTOS_LEGACY/00_POR_CLASIFICAR_DESCONOCIDO/- Meditación con Eneagrama.pdf,Archivo no encontrado
/Volumes/IA_LAB_DAT/Nichos/00_ANALISIS_MANUAL/RESTOS_LEGACY/00_POR_CLASIFICAR_DESCONOCIDO/007- Cómo Crear una Marca.pdf,Archivo no encontrado
/Volumes/IA_LAB_DAT/Nichos/00_ANALISIS_MANUAL/RESTOS_LEGACY/00_POR_CLASIFICAR_DESCONOCIDO/01. La luz de la Khabbala autor Biblioteca de Cabalá.pdf,Archivo no encontrado
/Volumes/IA_LAB_DAT/Nichos/00_ANALISIS_MANUAL/RESTOS_LEGACY/00_POR_CLASIFICAR_DESCONOCIDO/1-¿Para qué es importante.pdf,Archivo no encontrado
/Volumes/IA_LAB_DAT/Nichos/00_ANALISIS_MANUAL/RESTOS_LEGACY/00_POR_CLASIFICAR_DESCONOCIDO/1. Los códigos de barras y los identificadores únicos.pdf,Archivo no encontrado
/Volumes/IA_LAB_DAT/Nichos/00_ANALISIS_MANUAL/RESTOS_LEGACY/00_POR_CLASIFICAR_DESCONOCIDO/1.1 Seller Account Identity Verification Español.pdf,Archivo no encontrado
/Volumes/IA_LAB_DAT/Nichos/00_ANALISIS_MANUAL/RESTOS_LEGACY/00_POR_CLASIFICAR_DESCONOCIDO/1.4 Ejemplo de reporte de inspección.pdf,Archivo no encontrado
/Volumes/IA_LAB_DAT/Nichos/00_ANALISIS_MANUAL/RESTOS_LEGACY/00_POR_CLASIFICAR_DESCONOCIDO/10.  Cómo saber cuántas unidades promocionar.pdf,Archivo no encontrado
/Volumes/IA_LAB_DAT/Nichos/00_ANALISIS_MANUAL/RESTOS_LEGACY/00_POR_CLASIFICAR_DESCONOCIDO/13-Triángulo P-D-H.pdf,Archivo no encontrado
/Volumes/IA_LAB_DAT/Nichos/00_ANALISIS_MANUAL/RESTOS_LEGACY/00_POR_CLASIFICAR_DESCONOCIDO/14-Luego te tocará cambiarla y mejoraria pero.....pdf,Archivo no encontrado
/Volumes/IA_LAB_DAT/Nichos/00_ANALISIS_MANUAL/RESTOS_LEGACY/00_POR_CLASIFICAR_DESCONOCIDO/16-Con qué cuentas.pdf,Archivo no encontrado
/Volumes/IA_LAB_DAT/Nichos/00_ANALISIS_MANUAL/RESTOS_LEGACY/00_POR_CLASIFICAR_DESCONOCIDO/17-¿Para qué sirve crear un.pdf,Archivo no encontrado
/Volumes/IA_LAB_DAT/Nichos/00_ANALISIS_MANUAL/RESTOS_LEGACY/00_POR_CLASIFICAR_DESCONOCIDO/18. Frases para hacer reír a una mujer autor Esteban Lara.pdf,Archivo no encontrado
/Volumes/IA_LAB_DAT/Nichos/00_ANALISIS_MANUAL/RESTOS_LEGACY/00_POR_CLASIFICAR_DESCONOCIDO/2 M2 Guía Permisos Business Center.pdf,Archivo no encontrado
/Volumes/IA_LAB_DAT/Nichos/00_ANALISIS_MANUAL/RESTOS_LEGACY/00_POR_CLASIFICAR_DESCONOCIDO/2. Cómo encontrar nuestras palabras clave.pdf,Archivo no encontrado
/Volumes/IA_LAB_DAT/Nichos/00_ANALISIS_MANUAL/RESTOS_LEGACY/00_POR_CLASIFICAR_DESCONOCIDO/2. Los códigos de barras y los identificadores únicos.pdf,Archivo no encontrado
/Volumes/IA_LAB_DAT/Nichos/00_ANALISIS_MANUAL/RESTOS_LEGACY/00_POR_CLASIFICAR_DESCONOCIDO/20-Haz varias búsquedas en.pdf,Archivo no encontrado
/Volumes/IA_LAB_DAT/Nichos/00_ANALISIS_MANUAL/RESTOS_LEGACY/00_POR_CLASIFICAR_DESCONOCIDO/23-¿Para qué sirve crear un.pdf,Archivo no encontrado
/Volumes/IA_LAB_DAT/Nichos/00_ANALISIS_MANUAL/RESTOS_LEGACY/00_POR_CLASIFICAR_DESCONOCIDO/26-¿Para qué necesito una.pdf,Archivo no encontrado
/Volumes/IA_LAB_DAT/Nichos/00_ANALISIS_MANUAL/RESTOS_LEGACY/00_POR_CLASIFICAR_DESCONOCIDO/29-Características.pdf,Archivo no encontrado
/Volumes/IA_LAB_DAT/Nichos/00_ANALISIS_MANUAL/RESTOS_LEGACY/00_POR_CLASIFICAR_DESCONOCIDO/3.4 Solicitud de cotización de un embarcador_transitario_freight forwarder.docx,Archivo no encontrado
/Volumes/IA_LAB_DAT/Nichos/00_ANALISIS_MANUAL/RESTOS_LEGACY/00_POR_CLASIFICAR_DESCONOCIDO/30-¿Qué tengo para.pdf,Archivo no encontrado
/Volumes/IA_LAB_DAT/Nichos/00_ANALISIS_MANUAL/RESTOS_LEGACY/00_POR_CLASIFICAR_DESCONOCIDO/300_MODELOS_DE_ORIGAMI_PARA_NO_ABURRIRSE_CON_LAS_MATEMÁTICAS.pdf,Archivo no encontrado
/Volumes/IA_LAB_DAT/Nichos/00_ANALISIS_MANUAL/RESTOS_LEGACY/00_POR_CLASIFICAR_DESCONOCIDO/31-Así me voy a poner si.pdf,Archivo no encontrado
/Volumes/IA_LAB_DAT/Nichos/00_ANALISIS_MANUAL/RESTOS_LEGACY/00_POR_CLASIFICAR_DESCONOCIDO/32-¿Qué más puedo hacer.pdf,Archivo no encontrado
/Volumes/IA_LAB_DAT/Nichos/00_ANALISIS_MANUAL/RESTOS_LEGACY/00_POR_CLASIFICAR_DESCONOCIDO/35-¿Y si sí.pdf,Archivo no encontrado
/Volumes/IA_LAB_DAT/Nichos/00_ANALISIS_MANUAL/RESTOS_LEGACY/00_POR_CLASIFICAR_DESCONOCIDO/36-¿Qué es más.pdf,Archivo no encontrado
/Volumes/IA_LAB_DAT/Nichos/00_ANALISIS_MANUAL/RESTOS_LEGACY/00_POR_CLASIFICAR_DESCONOCIDO/39-La única métrica (1).pdf,Archivo no encontrado
/Volumes/IA_LAB_DAT/Nichos/00_ANALISIS_MANUAL/RESTOS_LEGACY/00_POR_CLASIFICAR_DESCONOCIDO/4.2 COMO DEDUCIR LOS GASTOS  SOPORTADOS  ANTES DE SER AUTÓNOMO.pdf,Archivo no encontrado
/Volumes/IA_LAB_DAT/Nichos/00_ANALISIS_MANUAL/RESTOS_LEGACY/00_POR_CLASIFICAR_DESCONOCIDO/42-La única métrica (2).pdf,Archivo no encontrado
/Volumes/IA_LAB_DAT/Nichos/00_ANALISIS_MANUAL/RESTOS_LEGACY/00_POR_CLASIFICAR_DESCONOCIDO/44-¿CÓMO ELEGIR.pdf,Archivo no encontrado
/Volumes/IA_LAB_DAT/Nichos/00_ANALISIS_MANUAL/RESTOS_LEGACY/00_POR_CLASIFICAR_DESCONOCIDO/45-RAZÓN 1.pdf,Archivo no encontrado
/Volumes/IA_LAB_DAT/Nichos/00_ANALISIS_MANUAL/RESTOS_LEGACY/00_POR_CLASIFICAR_DESCONOCIDO/46-RAZÓN 2.pdf,Archivo no encontrado
/Volumes/IA_LAB_DAT/Nichos/00_ANALISIS_MANUAL/RESTOS_LEGACY/00_POR_CLASIFICAR_DESCONOCIDO/55-¿Qué es una gran idea.pdf,Archivo no encontrado
/Volumes/IA_LAB_DAT/Nichos/00_ANALISIS_MANUAL/RESTOS_LEGACY/00_POR_CLASIFICAR_DESCONOCIDO/56-¿Para qué.pdf,Archivo no encontrado
/Volumes/IA_LAB_DAT/Nichos/00_ANALISIS_MANUAL/RESTOS_LEGACY/00_POR_CLASIFICAR_DESCONOCIDO/57-Cómo crear.pdf,Archivo no encontrado
/Volumes/IA_LAB_DAT/Nichos/00_ANALISIS_MANUAL/RESTOS_LEGACY/00_POR_CLASIFICAR_DESCONOCIDO/6 Claves para aprender inglés.pdf,Archivo no encontrado
/Volumes/IA_LAB_DAT/Nichos/00_ANALISIS_MANUAL/RESTOS_LEGACY/00_POR_CLASIFICAR_DESCONOCIDO/60-a-39-¿Por qué.pdf,Archivo no encontrado
/Volumes/IA_LAB_DAT/Nichos/00_ANALISIS_MANUAL/RESTOS_LEGACY/00_POR_CLASIFICAR_DESCONOCIDO/68-Gancho Había una vez.pdf,Archivo no encontrado
/Volumes/IA_LAB_DAT/Nichos/00_ANALISIS_MANUAL/RESTOS_LEGACY/00_POR_CLASIFICAR_DESCONOCIDO/69-Gançho Preguntas.pdf,Archivo no encontrado
/Volumes/IA_LAB_DAT/Nichos/00_ANALISIS_MANUAL/RESTOS_LEGACY/00_POR_CLASIFICAR_DESCONOCIDO/9-Enemigo común.pdf,Archivo no encontrado
/Volumes/IA_LAB_DAT/Nichos/00_ANALISIS_MANUAL/RESTOS_LEGACY/00_POR_CLASIFICAR_DESCONOCIDO/ADICCIONES_A_LAS_REDES_SOCIALES_Y_NUEVAS_TECNOLOGÍAS_EN_NIÑOS_Y.pdf,Archivo no encontrado
/Volumes/IA_LAB_DAT/Nichos/00_ANALISIS_MANUAL/RESTOS_LEGACY/00_POR_CLASIFICAR_DESCONOCIDO/Antonio José Ponte. La fiesta vigilada.pdf,Archivo no encontrado
/Volumes/IA_LAB_DAT/Nichos/00_ANALISIS_MANUAL/RESTOS_LEGACY/00_POR_CLASIFICAR_DESCONOCIDO/Aprende_Inglés_con_Programación.pdf,Archivo no encontrado
/Volumes/IA_LAB_DAT/Nichos/00_ANALISIS_MANUAL/RESTOS_LEGACY/00_POR_CLASIFICAR_DESCONOCIDO/Arte y Práctica de la Proyección Astral.pdf,Archivo no encontrado
/Volumes/IA_LAB_DAT/Nichos/00_ANALISIS_MANUAL/RESTOS_LEGACY/00_POR_CLASIFICAR_DESCONOCIDO/AUTOS B2C PROMOCIÓN.pdf,Archivo no encontrado
/Volumes/IA_LAB_DAT/Nichos/00_ANALISIS_MANUAL/RESTOS_LEGACY/00_POR_CLASIFICAR_DESCONOCIDO/Ámate. 120 textos inspiradores para cambiar tu vida.pdf,Archivo no encontrado
/Volumes/IA_LAB_DAT/Nichos/00_ANALISIS_MANUAL/RESTOS_LEGACY/00_POR_CLASIFICAR_DESCONOCIDO/Belleza_natural_Cuida_tu_piel_y_tu_cabello_con_cosmética_hecha.pdf,Archivo no encontrado
/Volumes/IA_LAB_DAT/Nichos/00_ANALISIS_MANUAL/RESTOS_LEGACY/00_POR_CLASIFICAR_DESCONOCIDO/Cambio de P. Física a Autónomo en Amazon.pdf,Archivo no encontrado
/Volumes/IA_LAB_DAT/Nichos/00_ANALISIS_MANUAL/RESTOS_LEGACY/00_POR_CLASIFICAR_DESCONOCIDO/Caminos de sabiduría. Jalones en la ruta de la felicidad.pdf,Archivo no encontrado
/Volumes/IA_LAB_DAT/Nichos/00_ANALISIS_MANUAL/RESTOS_LEGACY/00_POR_CLASIFICAR_DESCONOCIDO/Cábala y Alquimia .pdf,Archivo no encontrado
/Volumes/IA_LAB_DAT/Nichos/00_ANALISIS_MANUAL/RESTOS_LEGACY/00_POR_CLASIFICAR_DESCONOCIDO/Como leer rápido Como leer más rápido.pdf,Archivo no encontrado
/Volumes/IA_LAB_DAT/Nichos/00_ANALISIS_MANUAL/RESTOS_LEGACY/00_POR_CLASIFICAR_DESCONOCIDO/Comunicación con Inteligencia extraterrestre.pdf,Archivo no encontrado
/Volumes/IA_LAB_DAT/Nichos/00_ANALISIS_MANUAL/RESTOS_LEGACY/00_POR_CLASIFICAR_DESCONOCIDO/Códigos de Activación Pleyadianos de Angels Membrive.pdf,Archivo no encontrado
/Volumes/IA_LAB_DAT/Nichos/00_ANALISIS_MANUAL/RESTOS_LEGACY/00_POR_CLASIFICAR_DESCONOCIDO/Códigos_Sagrados_de_Océanos_y_Continentes_y_secuencia_de_Sra.pdf,Archivo no encontrado
"/Volumes/IA_LAB_DAT/Nichos/00_ANALISIS_MANUAL/RESTOS_LEGACY/00_POR_CLASIFICAR_DESCONOCIDO/Cómo analizar a las personas, Jose Villa.pdf",Archivo no encontrado
/Volumes/IA_LAB_DAT/Nichos/00_ANALISIS_MANUAL/RESTOS_LEGACY/00_POR_CLASIFICAR_DESCONOCIDO/Cómo convivir con adolescentes Guia CM.pdf,Archivo no encontrado
/Volumes/IA_LAB_DAT/Nichos/00_ANALISIS_MANUAL/RESTOS_LEGACY/00_POR_CLASIFICAR_DESCONOCIDO/Cómo_hablar_para_que_los_adolescentes_Faber_&_Mazlish.pdf,Archivo no encontrado
/Volumes/IA_LAB_DAT/Nichos/00_ANALISIS_MANUAL/RESTOS_LEGACY/00_POR_CLASIFICAR_DESCONOCIDO/Cómo_suprimir_las_preocupaciones_y_disfrutar_de_la_vida_Dale_Carnegie.pdf,Archivo no encontrado
/Volumes/IA_LAB_DAT/Nichos/00_ANALISIS_MANUAL/RESTOS_LEGACY/00_POR_CLASIFICAR_DESCONOCIDO/David_Valois_MÁXIMA_MEMORIA_Cómo_Mejoré_Mi_Memoria_En_Una_Tarde.pdf,Archivo no encontrado
/Volumes/IA_LAB_DAT/Nichos/00_ANALISIS_MANUAL/RESTOS_LEGACY/00_POR_CLASIFICAR_DESCONOCIDO/Desarrollo y coaching de mujeres líderes.pdf,Archivo no encontrado
/Volumes/IA_LAB_DAT/Nichos/00_ANALISIS_MANUAL/RESTOS_LEGACY/00_POR_CLASIFICAR_DESCONOCIDO/Despertar en la 5D. Una guía práctica de transformación multidimensional.pdf,Archivo no encontrado
/Volumes/IA_LAB_DAT/Nichos/00_ANALISIS_MANUAL/RESTOS_LEGACY/00_POR_CLASIFICAR_DESCONOCIDO/Dinámicas grupales educación infantil🦷-1.pdf,Archivo no encontrado
/Volumes/IA_LAB_DAT/Nichos/00_ANALISIS_MANUAL/RESTOS_LEGACY/00_POR_CLASIFICAR_DESCONOCIDO/DJ Glue Specification & Price List  3g포함 20200610 (1).pdf,Archivo no encontrado
"/Volumes/IA_LAB_DAT/Nichos/00_ANALISIS_MANUAL/RESTOS_LEGACY/00_POR_CLASIFICAR_DESCONOCIDO/Dr_Yang,_Jwing_Ming_La_Respiración_Embriónica_Meditación_Qigong.pdf",Archivo no encontrado
/Volumes/IA_LAB_DAT/Nichos/00_ANALISIS_MANUAL/RESTOS_LEGACY/00_POR_CLASIFICAR_DESCONOCIDO/El Arte del Masaje Erótico.pdf,Archivo no encontrado
/Volumes/IA_LAB_DAT/Nichos/00_ANALISIS_MANUAL/RESTOS_LEGACY/00_POR_CLASIFICAR_DESCONOCIDO/El Club de las 5 de la mañana.pdf,Archivo no encontrado
/Volumes/IA_LAB_DAT/Nichos/00_ANALISIS_MANUAL/RESTOS_LEGACY/00_POR_CLASIFICAR_DESCONOCIDO/El efecto checklist _ cómo una simple lista de comprobación reduce errores y salva vidas ( PDFDrive ).pdf,Archivo no encontrado
/Volumes/IA_LAB_DAT/Nichos/00_ANALISIS_MANUAL/RESTOS_LEGACY/00_POR_CLASIFICAR_DESCONOCIDO/El libro del Péndulo hebreo (Ray Buckland) (z-lib.org).epub,Archivo no encontrado
/Volumes/IA_LAB_DAT/Nichos/00_ANALISIS_MANUAL/RESTOS_LEGACY/00_POR_CLASIFICAR_DESCONOCIDO/EL LÍDER 80-20.pdf,Archivo no encontrado
/Volumes/IA_LAB_DAT/Nichos/00_ANALISIS_MANUAL/RESTOS_LEGACY/00_POR_CLASIFICAR_DESCONOCIDO/El método Silva de control mental ( PDFDrive.com ).pdf,Archivo no encontrado
/Volumes/IA_LAB_DAT/Nichos/00_ANALISIS_MANUAL/RESTOS_LEGACY/00_POR_CLASIFICAR_DESCONOCIDO/EL PODER DE LA KABBALAH- Nueva edición- yehuda-berg.pdf,Archivo no encontrado
/Volumes/IA_LAB_DAT/Nichos/00_ANALISIS_MANUAL/RESTOS_LEGACY/00_POR_CLASIFICAR_DESCONOCIDO/El Poder del Metabolismo-Frank Suárez.pdf,Archivo no encontrado
/Volumes/IA_LAB_DAT/Nichos/00_ANALISIS_MANUAL/RESTOS_LEGACY/00_POR_CLASIFICAR_DESCONOCIDO/El-libro-negro-de-la-persuasión.pdf,Archivo no encontrado
/Volumes/IA_LAB_DAT/Nichos/00_ANALISIS_MANUAL/RESTOS_LEGACY/00_POR_CLASIFICAR_DESCONOCIDO/El-número-de-la-Bestia.pdf,Archivo no encontrado
/Volumes/IA_LAB_DAT/Nichos/00_ANALISIS_MANUAL/RESTOS_LEGACY/00_POR_CLASIFICAR_DESCONOCIDO/EL-PODER_-DEL-ESPEJO_-21-DÍAS-PARA-CAMBIAR-TU-VIDA-Louise-Hay.pdf · versión 1.pdf,Archivo no encontrado
/Volumes/IA_LAB_DAT/Nichos/00_ANALISIS_MANUAL/RESTOS_LEGACY/00_POR_CLASIFICAR_DESCONOCIDO/Eliminar el estrés- Brian Weiss.pdf,Archivo no encontrado
"/Volumes/IA_LAB_DAT/Nichos/00_ANALISIS_MANUAL/RESTOS_LEGACY/00_POR_CLASIFICAR_DESCONOCIDO/EMPATÍA_PSÍQUICA_Reiki_para_principiantes,_Kundalini,_Chakra_Healing.pdf",Archivo no encontrado
/Volumes/IA_LAB_DAT/Nichos/00_ANALISIS_MANUAL/RESTOS_LEGACY/00_POR_CLASIFICAR_DESCONOCIDO/Física Cuántica para Principiantes.pdf,Archivo no encontrado
/Volumes/IA_LAB_DAT/Nichos/00_ANALISIS_MANUAL/RESTOS_LEGACY/00_POR_CLASIFICAR_DESCONOCIDO/garantía carta.pdf,Archivo no encontrado
"/Volumes/IA_LAB_DAT/Nichos/00_ANALISIS_MANUAL/RESTOS_LEGACY/00_POR_CLASIFICAR_DESCONOCIDO/Gestión de la calidad Conceptos, enfoques, modelos y sistemas Autor César Camisón.pdf",Archivo no encontrado
/Volumes/IA_LAB_DAT/Nichos/00_ANALISIS_MANUAL/RESTOS_LEGACY/00_POR_CLASIFICAR_DESCONOCIDO/GOL Español 08 DE SEPTIEMBRE (1).pdf,Archivo no encontrado
/Volumes/IA_LAB_DAT/Nichos/00_ANALISIS_MANUAL/RESTOS_LEGACY/00_POR_CLASIFICAR_DESCONOCIDO/Gramática del Hebreo Bíblico by Jouon-Muraoka- (z-lib.org) (1).pdf,Archivo no encontrado
/Volumes/IA_LAB_DAT/Nichos/00_ANALISIS_MANUAL/RESTOS_LEGACY/00_POR_CLASIFICAR_DESCONOCIDO/Guía secreta para vender con VIDEOS(1).pdf,Archivo no encontrado
/Volumes/IA_LAB_DAT/Nichos/00_ANALISIS_MANUAL/RESTOS_LEGACY/00_POR_CLASIFICAR_DESCONOCIDO/Habla_Menos_Actúa_Mas_7_Pasos_para_Conquistar_tus_Metas_Brian_Tracy.pdf,Archivo no encontrado
/Volumes/IA_LAB_DAT/Nichos/00_ANALISIS_MANUAL/RESTOS_LEGACY/00_POR_CLASIFICAR_DESCONOCIDO/hans-blumenberg-teoría-del-mundo-de-la-vida-2013.pdf,Archivo no encontrado
/Volumes/IA_LAB_DAT/Nichos/00_ANALISIS_MANUAL/RESTOS_LEGACY/00_POR_CLASIFICAR_DESCONOCIDO/Jenny_Cartwright_Tormenta_en_el_corazón_Tormenta_de_pasión.pdf,Archivo no encontrado
/Volumes/IA_LAB_DAT/Nichos/00_ANALISIS_MANUAL/RESTOS_LEGACY/00_POR_CLASIFICAR_DESCONOCIDO/Kris Buendia-1. Paraíso (Trilogía Dulce Encuentro).pdf,Archivo no encontrado
/Volumes/IA_LAB_DAT/Nichos/00_ANALISIS_MANUAL/RESTOS_LEGACY/00_POR_CLASIFICAR_DESCONOCIDO/Kris Buendia-2. Infierno (Trilogía Dulce Encuentro).pdf,Archivo no encontrado
/Volumes/IA_LAB_DAT/Nichos/00_ANALISIS_MANUAL/RESTOS_LEGACY/00_POR_CLASIFICAR_DESCONOCIDO/Kris Buendia-3. Perdón (Trilogía Dulce Encuentro)(2).pdf,Archivo no encontrado
/Volumes/IA_LAB_DAT/Nichos/00_ANALISIS_MANUAL/RESTOS_LEGACY/00_POR_CLASIFICAR_DESCONOCIDO/La abundancia hábita en ti.pdf,Archivo no encontrado
/Volumes/IA_LAB_DAT/Nichos/00_ANALISIS_MANUAL/RESTOS_LEGACY/00_POR_CLASIFICAR_DESCONOCIDO/La clave está en la tiroides.pdf,Archivo no encontrado
/Volumes/IA_LAB_DAT/Nichos/00_ANALISIS_MANUAL/RESTOS_LEGACY/00_POR_CLASIFICAR_DESCONOCIDO/La curación instantánea.pdf,Archivo no encontrado
/Volumes/IA_LAB_DAT/Nichos/00_ANALISIS_MANUAL/RESTOS_LEGACY/00_POR_CLASIFICAR_DESCONOCIDO/La energía sexual o el dragon alado.pdf,Archivo no encontrado
/Volumes/IA_LAB_DAT/Nichos/00_ANALISIS_MANUAL/RESTOS_LEGACY/00_POR_CLASIFICAR_DESCONOCIDO/La Sabiduría Y Las Enseñanzas De Covey Stephen R.pdf,Archivo no encontrado
/Volumes/IA_LAB_DAT/Nichos/00_ANALISIS_MANUAL/RESTOS_LEGACY/00_POR_CLASIFICAR_DESCONOCIDO/La vida son 2 putos días-José Montañez.pdf,Archivo no encontrado
/Volumes/IA_LAB_DAT/Nichos/00_ANALISIS_MANUAL/RESTOS_LEGACY/00_POR_CLASIFICAR_DESCONOCIDO/La-Historia-Oculta-de-Cristo-pdf.pdf · versión 1.pdf,Archivo no encontrado
/Volumes/IA_LAB_DAT/Nichos/00_ANALISIS_MANUAL/RESTOS_LEGACY/00_POR_CLASIFICAR_DESCONOCIDO/LA-NUMEROLOGÍA-EN-NUESTRA-VIDA.pdf,Archivo no encontrado
/Volumes/IA_LAB_DAT/Nichos/00_ANALISIS_MANUAL/RESTOS_LEGACY/00_POR_CLASIFICAR_DESCONOCIDO/La_metamedicina_Cada_síntoma_es_un_mensaje_Claudia_Rainville_z_lib.pdf,Archivo no encontrado
/Volumes/IA_LAB_DAT/Nichos/00_ANALISIS_MANUAL/RESTOS_LEGACY/00_POR_CLASIFICAR_DESCONOCIDO/La_seduccion_de_las_palabras_Alex_Grijelmo_pdf_·_versión_11.pdf,Archivo no encontrado
/Volumes/IA_LAB_DAT/Nichos/00_ANALISIS_MANUAL/RESTOS_LEGACY/00_POR_CLASIFICAR_DESCONOCIDO/Líder 007 con licencia para mandar JkR.pdf,Archivo no encontrado
/Volumes/IA_LAB_DAT/Nichos/00_ANALISIS_MANUAL/RESTOS_LEGACY/00_POR_CLASIFICAR_DESCONOCIDO/Los dones de la imperfección Brené Brown-1.pdf,Archivo no encontrado
/Volumes/IA_LAB_DAT/Nichos/00_ANALISIS_MANUAL/RESTOS_LEGACY/00_POR_CLASIFICAR_DESCONOCIDO/los-80-gerundios-más-importantes-del-inglés1240-1.pdf,Archivo no encontrado
/Volumes/IA_LAB_DAT/Nichos/00_ANALISIS_MANUAL/RESTOS_LEGACY/00_POR_CLASIFICAR_DESCONOCIDO/M1 Cómo Abrir Tu Cuenta.pdf,Archivo no encontrado
/Volumes/IA_LAB_DAT/Nichos/00_ANALISIS_MANUAL/RESTOS_LEGACY/00_POR_CLASIFICAR_DESCONOCIDO/M2 Guía Objetivos Campaña.pdf,Archivo no encontrado
/Volumes/IA_LAB_DAT/Nichos/00_ANALISIS_MANUAL/RESTOS_LEGACY/00_POR_CLASIFICAR_DESCONOCIDO/M2 GuíaObjetivosCampaña.pdf,Archivo no encontrado
/Volumes/IA_LAB_DAT/Nichos/00_ANALISIS_MANUAL/RESTOS_LEGACY/00_POR_CLASIFICAR_DESCONOCIDO/M3 GuíaObjetivosCampaña.pdf,Archivo no encontrado
/Volumes/IA_LAB_DAT/Nichos/00_ANALISIS_MANUAL/RESTOS_LEGACY/00_POR_CLASIFICAR_DESCONOCIDO/M6L1 VerificaciónDominioFacebook.pdf,Archivo no encontrado
/Volumes/IA_LAB_DAT/Nichos/00_ANALISIS_MANUAL/RESTOS_LEGACY/00_POR_CLASIFICAR_DESCONOCIDO/Manly_P_Hall_Las_enseñanzas_secretas_de_todos_los_tiempos.pdf,Archivo no encontrado
/Volumes/IA_LAB_DAT/Nichos/00_ANALISIS_MANUAL/RESTOS_LEGACY/00_POR_CLASIFICAR_DESCONOCIDO/Manual Básico del EDMR.pdf,Archivo no encontrado
/Volumes/IA_LAB_DAT/Nichos/00_ANALISIS_MANUAL/RESTOS_LEGACY/00_POR_CLASIFICAR_DESCONOCIDO/Manual de Consejería para el Trabajo con Adolescentes.pdf,Archivo no encontrado
/Volumes/IA_LAB_DAT/Nichos/00_ANALISIS_MANUAL/RESTOS_LEGACY/00_POR_CLASIFICAR_DESCONOCIDO/mañana milagrosa emprendedores.pdf,Archivo no encontrado
/Volumes/IA_LAB_DAT/Nichos/00_ANALISIS_MANUAL/RESTOS_LEGACY/00_POR_CLASIFICAR_DESCONOCIDO/Marcelo_Antoni_&_Jorge_Zentner_Las_cuatro_emociones_básicas_.pdf,Archivo no encontrado
/Volumes/IA_LAB_DAT/Nichos/00_ANALISIS_MANUAL/RESTOS_LEGACY/00_POR_CLASIFICAR_DESCONOCIDO/NAVIEN NPN MANUAL DE INSTALACION Y OPERACION ESPAÃ_OL VER USA CANADA REV 06202020.pdf,Archivo no encontrado
"/Volumes/IA_LAB_DAT/Nichos/00_ANALISIS_MANUAL/RESTOS_LEGACY/00_POR_CLASIFICAR_DESCONOCIDO/Numerología_con_tantra,_ayurveda,_y_astrología_by_Johari,_Harish.pdf",Archivo no encontrado
/Volumes/IA_LAB_DAT/Nichos/00_ANALISIS_MANUAL/RESTOS_LEGACY/00_POR_CLASIFICAR_DESCONOCIDO/Númerologia Portal del Destino.pdf,Archivo no encontrado
/Volumes/IA_LAB_DAT/Nichos/00_ANALISIS_MANUAL/RESTOS_LEGACY/00_POR_CLASIFICAR_DESCONOCIDO/Pactos y Señales.pdf,Archivo no encontrado
/Volumes/IA_LAB_DAT/Nichos/00_ANALISIS_MANUAL/RESTOS_LEGACY/00_POR_CLASIFICAR_DESCONOCIDO/Péndulo Hebreo (Purificación Del Valle González Ruiz) (z-lib.org).epub,Archivo no encontrado
/Volumes/IA_LAB_DAT/Nichos/00_ANALISIS_MANUAL/RESTOS_LEGACY/00_POR_CLASIFICAR_DESCONOCIDO/Por_qué_los_hombres_quieren_sexo_y_las_mujeres_necesitan_amor.pdf,Archivo no encontrado
/Volumes/IA_LAB_DAT/Nichos/00_ANALISIS_MANUAL/RESTOS_LEGACY/00_POR_CLASIFICAR_DESCONOCIDO/Principios del entrenamiento de la fuerza y del acondicionamiento físico NSCA PDFDrivecom pdf.pdf,Archivo no encontrado
/Volumes/IA_LAB_DAT/Nichos/00_ANALISIS_MANUAL/RESTOS_LEGACY/00_POR_CLASIFICAR_DESCONOCIDO/PSICOLOGÍA DE LA POSIBLE EVOLUCIÓN DEL HOMBRE.pdf,Archivo no encontrado
/Volumes/IA_LAB_DAT/Nichos/00_ANALISIS_MANUAL/RESTOS_LEGACY/00_POR_CLASIFICAR_DESCONOCIDO/Psicología obscura.pdf,Archivo no encontrado
/Volumes/IA_LAB_DAT/Nichos/00_ANALISIS_MANUAL/RESTOS_LEGACY/00_POR_CLASIFICAR_DESCONOCIDO/Reprográmate. El (infalible) plan neuroayurvédico para perder peso y desintoxicarte (1).pdf,Archivo no encontrado
/Volumes/IA_LAB_DAT/Nichos/00_ANALISIS_MANUAL/RESTOS_LEGACY/00_POR_CLASIFICAR_DESCONOCIDO/Rutas_mágicas.pdf,Archivo no encontrado
/Volumes/IA_LAB_DAT/Nichos/00_ANALISIS_MANUAL/RESTOS_LEGACY/00_POR_CLASIFICAR_DESCONOCIDO/Sal Marina versus Sal Común.pdf,Archivo no encontrado
/Volumes/IA_LAB_DAT/Nichos/00_ANALISIS_MANUAL/RESTOS_LEGACY/00_POR_CLASIFICAR_DESCONOCIDO/Salvador_Carrión_Coaching_para_el.pdf,Archivo no encontrado
/Volumes/IA_LAB_DAT/Nichos/00_ANALISIS_MANUAL/RESTOS_LEGACY/00_POR_CLASIFICAR_DESCONOCIDO/Tú puedes sanar tu vida.pdf,Archivo no encontrado
"/Volumes/IA_LAB_DAT/Nichos/00_ANALISIS_MANUAL/RESTOS_LEGACY/00_POR_CLASIFICAR_DESCONOCIDO/VV. AA.. Lunáticos, amantes y poetas. Doce historias ....pdf",Archivo no encontrado
/Volumes/IA_LAB_DAT/Nichos/00_ANALISIS_MANUAL/RESTOS_LEGACY/00_POR_CLASIFICAR_DESCONOCIDO/_Adiós zona de confort.pdf,Archivo no encontrado
/Volumes/IA_LAB_DAT/Nichos/00_ANALISIS_MANUAL/RESTOS_LEGACY/00_POR_CLASIFICAR_DESCONOCIDO/_Escríbalo_ Y Hágalo Realidad.pdf,Archivo no encontrado
"/Volumes/IA_LAB_DAT/Nichos/00_ANALISIS_MANUAL/RESTOS_LEGACY/00_POR_CLASIFICAR_DESCONOCIDO/¡Deja de chingarte! Preocúpate menos, vive más (1).pdf",Archivo no encontrado
"/Volumes/IA_LAB_DAT/Nichos/00_ANALISIS_MANUAL/RESTOS_LEGACY/00_POR_CLASIFICAR_DESCONOCIDO/¡Deja de chingarte! Preocúpate menos, vive más.pdf",Archivo no encontrado
"/Volumes/IA_LAB_DAT/Nichos/00_ANALISIS_MANUAL/RESTOS_LEGACY/00_POR_CLASIFICAR_DESCONOCIDO/¡Renuncio!_Tengo_un_hijo_adolescente,_¡y_no_sé_qué_hacer!.pdf",Archivo no encontrado
"/Volumes/IA_LAB_DAT/Nichos/00_ANALISIS_MANUAL/RESTOS_LEGACY/00_POR_CLASIFICAR_DESCONOCIDO/¡¡AY,_MIS_ANCESTROS!!_∞❦∞_ANNE_ANCELIN_SCHÜTZENBERGER.pdf",Archivo no encontrado
/Volumes/IA_LAB_DAT/Nichos/00_ANALISIS_MANUAL/RESTOS_LEGACY/00_POR_CLASIFICAR_DESCONOCIDO/¿Cómo-organizar-mi-mes-de-trabajo-y-planificar-el-próximo-1.pdf,Archivo no encontrado
/Volumes/IA_LAB_DAT/Nichos/00_ANALISIS_MANUAL/RESTOS_LEGACY/00_POR_CLASIFICAR_DESCONOCIDO/📚 Colección Caballo de Troya.pdf,Archivo no encontrado
/Volumes/IA_LAB_DAT/Nichos/00_ANALISIS_MANUAL/RESTOS_LEGACY/Autores/00307/00307 - Hazte Rico en 6 Semanas. Métodos para el Éxito - Pineda Mariscal.pdf,Archivo no encontrado
/Volumes/IA_LAB_DAT/Nichos/00_ANALISIS_MANUAL/RESTOS_LEGACY/Autores/1. Los Codigos de Barras y los Identificadores Unicos/1. Los Codigos de Barras y los Identificadores Unicos - Contenido Lección.docx,Archivo no encontrado
/Volumes/IA_LAB_DAT/Nichos/00_ANALISIS_MANUAL/RESTOS_LEGACY/Autores/1. Los Codigos de Barras y los Identificadores Unicos/1. Los Codigos de Barras y los Identificadores Unicos - Presentación.pdf,Archivo no encontrado
/Volumes/IA_LAB_DAT/Nichos/00_ANALISIS_MANUAL/RESTOS_LEGACY/Autores/50 Formas De Enamorar A Un Cliente/50 Formas De Enamorar A Un Cliente - David Gómez.pdf,Archivo no encontrado
/Volumes/IA_LAB_DAT/Nichos/00_ANALISIS_MANUAL/RESTOS_LEGACY/Autores/8 REGLAS DE LOS EMPRENDEDORES EXITOSOS/8 REGLAS DE LOS EMPRENDEDORES EXITOSOS - ÁLVARO MENDOZA.pdf,Archivo no encontrado
/Volumes/IA_LAB_DAT/Nichos/00_ANALISIS_MANUAL/RESTOS_LEGACY/Autores/A 33.000 pies J.J/A 33.000 pies J.J. - Benítez.pdf,Archivo no encontrado
/Volumes/IA_LAB_DAT/Nichos/00_ANALISIS_MANUAL/RESTOS_LEGACY/Autores/Actitud Positiva/Actitud Positiva  - César Lozano.pdf,Archivo no encontrado
/Volumes/IA_LAB_DAT/Nichos/00_ANALISIS_MANUAL/RESTOS_LEGACY/Autores/Comercio y Marketing Internacional 4ed/Comercio y Marketing Internacional 4ed - Alejandro Lerma y Enrique Márquez.pdf,Archivo no encontrado
/Volumes/IA_LAB_DAT/Nichos/00_ANALISIS_MANUAL/RESTOS_LEGACY/Autores/Ejercicios para mejorar la memoria/Ejercicios para mejorar la memoria - Anna Puig Alemán.pdf,Archivo no encontrado
/Volumes/IA_LAB_DAT/Nichos/00_ANALISIS_MANUAL/RESTOS_LEGACY/Autores/Ejercicios para mejorar la memoria 2/Ejercicios para mejorar la memoria 2 - Anna Puig Alemán.pdf,Archivo no encontrado
/Volumes/IA_LAB_DAT/Nichos/00_ANALISIS_MANUAL/RESTOS_LEGACY/Autores/Ejercicios para mejorar la memoria 3/Ejercicios para mejorar la memoria 3 - Anna Puig Alemán.pdf,Archivo no encontrado
/Volumes/IA_LAB_DAT/Nichos/00_ANALISIS_MANUAL/RESTOS_LEGACY/Autores/El Poder Del Metabolismo/El Poder Del Metabolismo - Frank Suárez_230425_005558.pdf,Archivo no encontrado
/Volumes/IA_LAB_DAT/Nichos/00_ANALISIS_MANUAL/RESTOS_LEGACY/Autores/Hipnosis/Hipnosis - teoria métodos técnicas .pdf,Archivo no encontrado
/Volumes/IA_LAB_DAT/Nichos/00_ANALISIS_MANUAL/RESTOS_LEGACY/Autores/Joe Dispenza/Rediseñando tú futuro. Joe dispenza.pdf,Archivo no encontrado
/Volumes/IA_LAB_DAT/Nichos/00_ANALISIS_MANUAL/RESTOS_LEGACY/Autores/Jon Kabat Zinn/Jon Kabat Zinn - El Poder Curativo de la  Meditación .pdf,Archivo no encontrado
/Volumes/IA_LAB_DAT/Nichos/00_ANALISIS_MANUAL/RESTOS_LEGACY/Autores/José Cueto/José Cueto - LOS TRES CÍRCULOS DEL LIDERAZGO.pdf,Archivo no encontrado
/Volumes/IA_LAB_DAT/Nichos/00_ANALISIS_MANUAL/RESTOS_LEGACY/Autores/Marketing digital/Marketing digital - Federación Andaluza de Mujeres Empresarias Autónomas.pdf,Archivo no encontrado
/Volumes/IA_LAB_DAT/Nichos/00_ANALISIS_MANUAL/RESTOS_LEGACY/Autores/Ophiel/Ophiel - Magia talismánica.pdf,Archivo no encontrado
"/Volumes/IA_LAB_DAT/Nichos/00_ANALISIS_MANUAL/RESTOS_LEGACY/Autores/Robert Fisher/Robert Fisher - Morfeus, Nivel 1 Despertando En Mis Sueños.pdf",Archivo no encontrado
"/Volumes/IA_LAB_DAT/Nichos/00_ANALISIS_MANUAL/RESTOS_LEGACY/Autores/Robert Fisher/Robert Fisher - Morfeus, Nivel 3 Creando Mis Sueños.pdf",Archivo no encontrado
/Volumes/IA_LAB_DAT/Nichos/00_ANALISIS_MANUAL/RESTOS_LEGACY/Autores/Robin Sharma/Robin Sharma - Las cartas secretas del monje que vendió su Ferrari.pdf,Archivo no encontrado
/Volumes/IA_LAB_DAT/Nichos/00_ANALISIS_MANUAL/RESTOS_LEGACY/Autores/Ruwen Ogien/Ruwen Ogien - Pensar la pornografía.pdf,Archivo no encontrado
/Volumes/IA_LAB_DAT/Nichos/00_ANALISIS_MANUAL/RESTOS_LEGACY/Otros (Sin Formato Claro)/1.-Guía-Lettering-Iniciación.pdf,Archivo no encontrado
/Volumes/IA_LAB_DAT/Nichos/00_ANALISIS_MANUAL/RESTOS_LEGACY/Otros (Sin Formato Claro)/@_Cómo_Analizar_a_las_Personas_psicología_oscura_Brad_Wood.pdf,Archivo no encontrado
/Volumes/IA_LAB_DAT/Nichos/00_ANALISIS_MANUAL/RESTOS_LEGACY/Otros (Sin Formato Claro)/Autosanación por las Flores de Bach - Diana Belgrave.pdf,Archivo no encontrado
/Volumes/IA_LAB_DAT/Nichos/00_ANALISIS_MANUAL/RESTOS_LEGACY/Otros (Sin Formato Claro)/Ayuno intermitente y limpieza hepática - Chris Diaz.pdf,Archivo no encontrado
/Volumes/IA_LAB_DAT/Nichos/00_ANALISIS_MANUAL/RESTOS_LEGACY/Otros (Sin Formato Claro)/Ayuno_Intermitente_La_Guía_Completa_para_Principiantes_para_Jason.pdf,Archivo no encontrado
/Volumes/IA_LAB_DAT/Nichos/00_ANALISIS_MANUAL/RESTOS_LEGACY/Otros (Sin Formato Claro)/Brian Tracy - El Camino Hacia la Riqueza en Acción (Estrategias de ÉXITO para el emprendedor) @.pdf,Archivo no encontrado
/Volumes/IA_LAB_DAT/Nichos/00_ANALISIS_MANUAL/RESTOS_LEGACY/Otros (Sin Formato Claro)/Castañeda Carlos - Pases magicos 2.pdf,Archivo no encontrado
/Volumes/IA_LAB_DAT/Nichos/00_ANALISIS_MANUAL/RESTOS_LEGACY/Otros (Sin Formato Claro)/Cómo Piensan las Personas Exitosas.pdf,Archivo no encontrado
/Volumes/IA_LAB_DAT/Nichos/00_ANALISIS_MANUAL/RESTOS_LEGACY/Otros (Sin Formato Claro)/curso de Parapsicología - dossier - desarrollo de los poderes psiquicos.pdf,Archivo no encontrado
/Volumes/IA_LAB_DAT/Nichos/00_ANALISIS_MANUAL/RESTOS_LEGACY/Otros (Sin Formato Claro)/Desarrolle el líder que está en usted - John C. Maxwell .pdf,Archivo no encontrado
/Volumes/IA_LAB_DAT/Nichos/00_ANALISIS_MANUAL/RESTOS_LEGACY/Otros (Sin Formato Claro)/Desarrolle_el_líder_que_está_en_usted_2_0_John_C_Maxwell.pdf,Archivo no encontrado
/Volumes/IA_LAB_DAT/Nichos/00_ANALISIS_MANUAL/RESTOS_LEGACY/Otros (Sin Formato Claro)/El arte de ensoñar - Carlos Castaneda.pdf,Archivo no encontrado
/Volumes/IA_LAB_DAT/Nichos/00_ANALISIS_MANUAL/RESTOS_LEGACY/Otros (Sin Formato Claro)/El doble etérico.pdf,Archivo no encontrado
/Volumes/IA_LAB_DAT/Nichos/00_ANALISIS_MANUAL/RESTOS_LEGACY/Otros (Sin Formato Claro)/El don del águila - Carlos Castaneda.pdf,Archivo no encontrado
/Volumes/IA_LAB_DAT/Nichos/00_ANALISIS_MANUAL/RESTOS_LEGACY/Otros (Sin Formato Claro)/El gran libro de los baños y despojos.pdf,Archivo no encontrado
/Volumes/IA_LAB_DAT/Nichos/00_ANALISIS_MANUAL/RESTOS_LEGACY/Otros (Sin Formato Claro)/El gran libro práctico de la parapsicología - Laura Tuan - 2017.pdf,Archivo no encontrado
/Volumes/IA_LAB_DAT/Nichos/00_ANALISIS_MANUAL/RESTOS_LEGACY/Otros (Sin Formato Claro)/El mapa de mi sueño -- John C. Maxwell --.pdf,Archivo no encontrado
/Volumes/IA_LAB_DAT/Nichos/00_ANALISIS_MANUAL/RESTOS_LEGACY/Otros (Sin Formato Claro)/El-libro-negro-del-emprendedor-Fernando-Trías.pdf,Archivo no encontrado
/Volumes/IA_LAB_DAT/Nichos/00_ANALISIS_MANUAL/RESTOS_LEGACY/Otros (Sin Formato Claro)/El-yoga-de-Jesús (1).pdf,Archivo no encontrado
/Volumes/IA_LAB_DAT/Nichos/00_ANALISIS_MANUAL/RESTOS_LEGACY/Otros (Sin Formato Claro)/El_Poder_De_Ser_Significativo_Cómo_el_propósito_cambia_su_vida_John.pdf,Archivo no encontrado
/Volumes/IA_LAB_DAT/Nichos/00_ANALISIS_MANUAL/RESTOS_LEGACY/Otros (Sin Formato Claro)/Grigori_Grabovoi_SECUENCIAS_NÚMERICAS_PARA_UN_ÉXITO_COMPLETO.pdf,Archivo no encontrado
/Volumes/IA_LAB_DAT/Nichos/00_ANALISIS_MANUAL/RESTOS_LEGACY/Otros (Sin Formato Claro)/Joyce Whiteley Hawkes - La curación a nivel celular.pdf,Archivo no encontrado
/Volumes/IA_LAB_DAT/Nichos/00_ANALISIS_MANUAL/RESTOS_LEGACY/Otros (Sin Formato Claro)/Jung Carl - Recuerdos sueños pensamientos.pdf,Archivo no encontrado
/Volumes/IA_LAB_DAT/Nichos/00_ANALISIS_MANUAL/RESTOS_LEGACY/Otros (Sin Formato Claro)/La Biología de la Creencia - Dr.Bruce Lipton.PDF.pdf,Archivo no encontrado
/Volumes/IA_LAB_DAT/Nichos/00_ANALISIS_MANUAL/RESTOS_LEGACY/Otros (Sin Formato Claro)/La Mejor Inversión De Un Líder_ John C. Maxwell.pdf,Archivo no encontrado
/Volumes/IA_LAB_DAT/Nichos/00_ANALISIS_MANUAL/RESTOS_LEGACY/Otros (Sin Formato Claro)/La reencarnación.Papus.pdf,Archivo no encontrado
/Volumes/IA_LAB_DAT/Nichos/00_ANALISIS_MANUAL/RESTOS_LEGACY/Otros (Sin Formato Claro)/Las_Respuestas_De_Un_Líder_A_Sus_Preguntas_Más_Difíciles_Lo_Que.pdf,Archivo no encontrado
/Volumes/IA_LAB_DAT/Nichos/00_ANALISIS_MANUAL/RESTOS_LEGACY/Otros (Sin Formato Claro)/Líder_de_360°_Cómo_desarrollar_su_influencia_desde_cualquier_posición.pdf,Archivo no encontrado
/Volumes/IA_LAB_DAT/Nichos/00_ANALISIS_MANUAL/RESTOS_LEGACY/Otros (Sin Formato Claro)/Los sueños mensajeros del alma.Robert Blais.pdf,Archivo no encontrado
/Volumes/IA_LAB_DAT/Nichos/00_ANALISIS_MANUAL/RESTOS_LEGACY/Otros (Sin Formato Claro)/Sin límites - John C. Maxwell.pdf,Archivo no encontrado
/Volumes/IA_LAB_DAT/Nichos/00_ANALISIS_MANUAL/RESTOS_LEGACY/Otros (Sin Formato Claro)/Textos Herméticos.pdf,Archivo no encontrado
/Volumes/IA_LAB_DAT/Nichos/00_ANALISIS_MANUAL/RESTOS_LEGACY/Otros (Sin Formato Claro)/Un Año Para Cambiar el Chip - Napoleon Hill.pdf,Archivo no encontrado
/Volumes/IA_LAB_DAT/Nichos/00_ANALISIS_MANUAL/RESTOS_LEGACY/Otros (Sin Formato Claro)/vive tu sueño (John maxwell).pdf,Archivo no encontrado
/Volumes/IA_LAB_DAT/Nichos/00_ANALISIS_MANUAL/RESTOS_LEGACY/Otros (Sin Formato Claro)/¿Qué es la parapsicología¿ - Oscar González Quevedo.pdf,Archivo no encontrado
/Volumes/IA_LAB_DAT/Nichos/00_ANALISIS_MANUAL/RESTOS_LEGACY/Otros (Sin Formato Claro)/ིྀMeditación usando la Glándula Pineal - Eliel_Roshveder.pdf,Archivo no encontrado
/Volumes/IA_LAB_DAT/Nichos/00_ANALISIS_MANUAL/RESTOS_LEGACY/Otros (Sin Formato Claro)/𖡄 Restauración del organismo humano - Grabovoi.pdf,Archivo no encontrado
/Volumes/IA_LAB_DAT/Nichos/00_ANALISIS_MANUAL/RESTOS_LEGACY/PNL/Oratoria con PNL- Mónica Pérez.pdf,Archivo no encontrado
/Volumes/IA_LAB_DAT/Nichos/00_ANALISIS_MANUAL/RESTOS_LEGACY/PNL/PNL Técnicas prohibidas de persuasión- Steve Allen.pdf,Archivo no encontrado
/Volumes/IA_LAB_DAT/Nichos/00_ANALISIS_MANUAL/RESTOS_LEGACY/PNL/Roberto Gallo- 39 técnicas de PNL.pdf,Archivo no encontrado
/Volumes/IA_LAB_DAT/Nichos/00_ANALISIS_MANUAL/RESTOS_LEGACY/PNL/S. Carrión- Master en PNL- Técnicas Avanzadas.pdf,Archivo no encontrado
"/Volumes/IA_LAB_DAT/Nichos/00_ANALISIS_MANUAL/RESTOS_LEGACY/PNL/Secretos De La Psicología Oscura_ Aprenda las Técnicas de Persuasión Cubiertas como Lavado de Cerebro, Hipnosis y PNL para Usarlas en su Beneficio. Dark Psychology Secrets. (Spanish Edition).pdf",Archivo no encontrado
/Volumes/IA_LAB_DAT/Nichos/00_ANALISIS_MANUAL/RESTOS_LEGACY/PNL/Sé la persona que quieres ser- PNL- Emerick.pdf,Archivo no encontrado
/Volumes/IA_LAB_DAT/Nichos/00_ANALISIS_MANUAL/RESTOS_LEGACY/PNL/Una Introducción a la PNL- Anne Linden.pdf,Archivo no encontrado
/Volumes/IA_LAB_DAT/Nichos/00_ANALISIS_MANUAL/RESTOS_LEGACY/PNL/Wrycza - Darse Cuenta Guìa PNL.PDF,Archivo no encontrado
/Volumes/IA_LAB_DAT/Nichos/00_ANALISIS_MANUAL/RESTOS_LEGACY/PNL/🍀Las-7-técnicas-más-potentes-de-PNL.pdf,Archivo no encontrado
/Volumes/IA_LAB_DAT/Nichos/00_ANALISIS_MANUAL/RESTOS_LEGACY/Temas/Esoterismo_y_Magia/Guía instructiva de magia .pdf,Archivo no encontrado
/Volumes/IA_LAB_DAT/Nichos/00_ANALISIS_MANUAL/RESTOS_LEGACY/Temas/Esoterismo_y_Magia/LIBERA TU MAGIA. Una vida creativa más allá del miedo.pdf,Archivo no encontrado
/Volumes/IA_LAB_DAT/Nichos/00_ANALISIS_MANUAL/RESTOS_LEGACY/Temas/Esoterismo_y_Magia/RUNAS Y HECHIZOS.pdf · versión 1.pdf,Archivo no encontrado
/Volumes/IA_LAB_DAT/Nichos/00_ANALISIS_MANUAL/RESTOS_LEGACY/Temas/Esoterismo_y_Magia/Salvador_Carrión_Espiritualidad.pdf,Archivo no encontrado
/Volumes/IA_LAB_DAT/Nichos/00_ANALISIS_MANUAL/RESTOS_LEGACY/Temas/Finanzas/38-¿Cómo gana dinero una red social.pdf,Archivo no encontrado
/Volumes/IA_LAB_DAT/Nichos/00_ANALISIS_MANUAL/RESTOS_LEGACY/Temas/Finanzas/_El-código-del-dinero-Raimon-Samsó.pdf_ (2).pdf,Archivo no encontrado
/Volumes/IA_LAB_DAT/Nichos/00_ANALISIS_MANUAL/RESTOS_LEGACY/Temas/Inteligencia_Emocional/Guía para desarrollar la inteligencia emocional L2.pdf,Archivo no encontrado
/Volumes/IA_LAB_DAT/Nichos/00_ANALISIS_MANUAL/RESTOS_LEGACY/Temas/Inteligencia_Emocional/INCREÍBLE PODER EMOCIONES ATRÉVETE A DEJARTE GUIAR POR LOS SENTIMIENTOS.pdf,Archivo no encontrado
/Volumes/IA_LAB_DAT/Nichos/00_ANALISIS_MANUAL/RESTOS_LEGACY/Temas/Inteligencia_Emocional/Inteligencia_Emocional_2_0_6_libros_Cómo_Analizar_a_las_Personas.pdf,Archivo no encontrado
/Volumes/IA_LAB_DAT/Nichos/00_ANALISIS_MANUAL/RESTOS_LEGACY/Temas/Marketing_y_Ventas/Cómo usar Excel para el marketing basado en datos.pdf,Archivo no encontrado
/Volumes/IA_LAB_DAT/Nichos/00_ANALISIS_MANUAL/RESTOS_LEGACY/Temas/Marketing_y_Ventas/La-regla-de-oro-de-los-negocios_-Aprende-la-clave-para-el-éxito-Spanish-Edition.pdf,Archivo no encontrado
"/Volumes/IA_LAB_DAT/Nichos/00_ANALISIS_MANUAL/RESTOS_LEGACY/Temas/Motivacion/CÓMO ANALIZAR  A LA GENTE_ Una maestría para aprender a leer a la gente, analizar el lenguaje corporal, tipos de personalidad, engaño empático, comportamiento ... del control mental. (Spanish Edition).pdf",Archivo no encontrado
"/Volumes/IA_LAB_DAT/Nichos/00_ANALISIS_MANUAL/RESTOS_LEGACY/Temas/Motivacion/La sabiduría del eneagrama. Guía completa para el desarrollo psicológico y espiritual de los nueve tipos de personalidad (Don Richard Riso, Russ Hudson) (z-lib.org).pdf",Archivo no encontrado
/Volumes/IA_LAB_DAT/Nichos/00_ANALISIS_MANUAL/RESTOS_LEGACY/Temas/Motivacion/Mejorar tus Habilidades Sociales_ Hábitos diarios para influenciar a la gente. Cómo ganar amigos y conectar con cualquiera para convertirse en una persona feliz y exitosa (Spanish Edition).pdf,Archivo no encontrado
/Volumes/IA_LAB_DAT/Nichos/00_ANALISIS_MANUAL/RESTOS_LEGACY/Temas/Psicologia_Oscura/El arte de la manipulación y psicología oscura.pdf,Archivo no encontrado
/Volumes/IA_LAB_DAT/Nichos/00_ANALISIS_MANUAL/RESTOS_LEGACY/Temas/Psicologia_Oscura/El_Método_Con_Hipnosis_Conversacional_Cómo_Generar_Pasión_Incontrolable.pdf,Archivo no encontrado
/Volumes/IA_LAB_DAT/Nichos/00_ANALISIS_MANUAL/RESTOS_LEGACY/Temas/Psicologia_Oscura/Manipulación y Secretos De La Psicología Oscura  2 LIBROS.pdf,Archivo no encontrado
/Volumes/IA_LAB_DAT/Nichos/00_ANALISIS_MANUAL/RESTOS_LEGACY/Temas/Psicologia_Oscura/MANIPULACIÓN_Y_PSICOLOGÍA_OSCURA_Cómo_aprender.pdf,Archivo no encontrado
/Volumes/IA_LAB_DAT/Nichos/00_ANALISIS_MANUAL/RESTOS_LEGACY/Temas/Psicologia_Oscura/Psicología Oscura Domina los secretos avanzados de la guerrilla psicológica.pdf,Archivo no encontrado
/Volumes/IA_LAB_DAT/Nichos/00_ANALISIS_MANUAL/RESTOS_LEGACY/Temas/Psicologia_y_Persuasion/Correos_electrónicos_El_poder_de_la_mente_sin_limites_Cómo_usar_las_estrate.pdf,Archivo no encontrado
"/Volumes/IA_LAB_DAT/Nichos/00_ANALISIS_MANUAL/RESTOS_LEGACY/Temas/Psicologia_y_Persuasion/Mente Progresiva_ Cómo Alcanzar El éxito Y La felicidad  A Través De La Mente Subconsciente. (Mente Subconsciente, Programación, Éxito, Felicidad. Ley de Atracción) (Spanish Edition).pdf",Archivo no encontrado
"/Volumes/IA_LAB_DAT/Nichos/00_ANALISIS_MANUAL/RESTOS_LEGACY/Temas/Psicologia_y_Persuasion/SÍ PUEDES!,  40 Píldoras Estimulantes Para Mentes Inquietas -171-.pdf",Archivo no encontrado
"/Volumes/IA_LAB_DAT/Nichos/00_ANALISIS_MANUAL/RESTOS_LEGACY/Temas/Salud_y_Bienestar/El_poder_del_ayuno_Guía_práctica_para_bajar_de_peso,_depurarte.pdf",Archivo no encontrado
/Volumes/IA_LAB_DAT/Nichos/00_ANALISIS_MANUAL/RESTOS_LEGACY/Temas/Salud_y_Bienestar/nutricion_Ayuno_intermitente_Una_solución_flexible_para_perder.pdf,Archivo no encontrado
